{
    "name": "zoomooz",
    "version": "1.0.4",
    
    "title": "jQuery Zoomooz",
    "description": "Zoomooz is an easy-to-use jQuery plugin for making any web page element zoom.",
    
    "keywords": [
        "zoom",
        "zooming",
        "zui",
        "animation",
        "ui",
        "gallery",
        "lightbox"
    ],
    
    "dependencies": {
        "jquery": ">=1.4.0"
    },
    
    "homepage": "http://janne.aukia.com/zoomooz",
    
    "author": {
        "name": "Janne Aukia",
        "email": "janne@aukia.com",
        "url": "https://github.com/jaukia"
    },
    
    "licenses": [
        {
            "type": "MIT",
            "url": "https://github.com/jaukia/zoomooz/blob/master/src/MIT-LICENSE.txt"
        },
        
        {
            "type": "GPL-2.0",
            "url": "https://github.com/jaukia/zoomooz/blob/master/src/GPL-LICENSE.txt"
        }
        
    ]
}